<animated-vector xmlns:android="http://schemas.android.com/apk/res/android" xmlns:aapt="http://schemas.android.com/aapt"><aapt:attr name="android:drawable"><vector android:height="34dp" android:width="34dp" android:viewportHeight="34" android:viewportWidth="34"><group android:name="_R_G"><group android:name="_R_G_L_2_G_M"><group android:name="_R_G_L_2_G" android:pivotX="17" android:pivotY="17" android:scaleX="0" android:scaleY="0"><path android:name="_R_G_L_2_G_D_0_P_0" android:fillColor="#f44d84" android:fillAlpha="1" android:fillType="nonZero" android:pathData=" M17 28.5 C39.81,13.47 24.44,0.87 17,9.11 C9.56,0.87 -5.81,13.47 17,28.5c "/></group></group><group android:name="_R_G_L_1_G"><path android:name="_R_G_L_1_G_D_0_P_0" android:strokeColor="#a1a1a1" android:strokeLineCap="round" android:strokeLineJoin="round" android:strokeWidth="1" android:strokeAlpha="1" android:pathData=" M17 28.5 C39.81,13.47 24.44,0.87 17,9.11 C9.56,0.87 -5.81,13.47 17,28.5c "/></group><group android:name="_R_G_L_0_G"><path android:name="_R_G_L_0_G_D_0_P_0" android:strokeColor="#f44d84" android:strokeLineCap="round" android:strokeLineJoin="round" android:strokeWidth="1" android:strokeAlpha="1" android:trimPathStart="0" android:trimPathEnd="0" android:trimPathOffset="0" android:pathData=" M17 28.5 C39.81,13.47 24.44,0.87 17,9.11 C9.56,0.87 -5.81,13.47 17,28.5c "/></group></group><group android:name="time_group"/></vector></aapt:attr><target android:name="_R_G_L_2_G"><aapt:attr name="android:animation"><set android:ordering="together"><objectAnimator android:propertyName="scaleX" android:duration="1733" android:startOffset="0" android:valueFrom="0" android:valueTo="0" android:valueType="floatType"><aapt:attr name="android:interpolator"><pathInterpolator android:pathData="M 0.0,0.0 c0.167,0.167 0.833,0.833 1.0,1.0"/></aapt:attr></objectAnimator><objectAnimator android:propertyName="scaleY" android:duration="1733" android:startOffset="0" android:valueFrom="0" android:valueTo="0" android:valueType="floatType"><aapt:attr name="android:interpolator"><pathInterpolator android:pathData="M 0.0,0.0 c0.167,0.167 0.833,0.833 1.0,1.0"/></aapt:attr></objectAnimator><objectAnimator android:propertyName="scaleX" android:duration="267" android:startOffset="1733" android:valueFrom="0" android:valueTo="1" android:valueType="floatType"><aapt:attr name="android:interpolator"><pathInterpolator android:pathData="M 0.0,0.0 c0.167,0.167 0.833,0.833 1.0,1.0"/></aapt:attr></objectAnimator><objectAnimator android:propertyName="scaleY" android:duration="267" android:startOffset="1733" android:valueFrom="0" android:valueTo="1" android:valueType="floatType"><aapt:attr name="android:interpolator"><pathInterpolator android:pathData="M 0.0,0.0 c0.167,0.167 0.833,0.833 1.0,1.0"/></aapt:attr></objectAnimator></set></aapt:attr></target><target android:name="_R_G_L_2_G_M"><aapt:attr name="android:animation"><set android:ordering="together"><objectAnimator android:propertyName="scaleX" android:duration="0" android:startOffset="1733" android:valueFrom="0" android:valueTo="1" android:valueType="floatType"/></set></aapt:attr></target><target android:name="_R_G_L_1_G"><aapt:attr name="android:animation"><set android:ordering="together"><objectAnimator android:propertyName="scaleY" android:duration="0" android:startOffset="667" android:valueFrom="1" android:valueTo="0" android:valueType="floatType"/></set></aapt:attr></target><target android:name="_R_G_L_0_G_D_0_P_0"><aapt:attr name="android:animation"><set android:ordering="together"><objectAnimator android:propertyName="trimPathEnd" android:duration="667" android:startOffset="0" android:valueFrom="0" android:valueTo="0" android:valueType="floatType"><aapt:attr name="android:interpolator"><pathInterpolator android:pathData="M 0.0,0.0 c0.167,0.167 0.833,0.833 1.0,1.0"/></aapt:attr></objectAnimator><objectAnimator android:propertyName="trimPathEnd" android:duration="1067" android:startOffset="667" android:valueFrom="0" android:valueTo="1" android:valueType="floatType"><aapt:attr name="android:interpolator"><pathInterpolator android:pathData="M 0.0,0.0 c0.167,0.167 0.833,0.833 1.0,1.0"/></aapt:attr></objectAnimator></set></aapt:attr></target><target android:name="_R_G_L_0_G"><aapt:attr name="android:animation"><set android:ordering="together"><objectAnimator android:propertyName="scaleY" android:duration="0" android:startOffset="2000" android:valueFrom="1" android:valueTo="0" android:valueType="floatType"/></set></aapt:attr></target><target android:name="time_group"><aapt:attr name="android:animation"><set android:ordering="together"><objectAnimator android:propertyName="translateX" android:duration="3000" android:startOffset="0" android:valueFrom="0" android:valueTo="1" android:valueType="floatType"/></set></aapt:attr></target></animated-vector>